time,roll,pitch,yaw
0,15,0,0
0.1,13.9771,-0.0171887,0.0114592
0.2,12.7516,-0.0503613,0.0335742
0.3,11.3569,-0.0980499,0.0653666
0.4,9.82802,-0.158565,0.10571
0.5,8.20141,-0.23004,0.15336
0.6,6.51364,-0.310473,0.206982
0.7,4.80088,-0.397778,0.265185
0.8,3.09814,-0.489824,0.326549
0.9,1.43867,-0.584485,0.389657
1,-0.146654,-0.679678,0.453119
1.1,-1.62981,-0.773406,0.515604
1.2,-2.98608,-0.863788,0.575859
1.3,-4.19439,-0.949099,0.632733
1.4,-5.23755,-1.02779,0.685194
1.5,-6.10243,-1.09852,0.732345
1.6,-6.78003,-1.16015,0.773436
1.7,-7.2655,-1.21181,0.80787
1.8,-7.558,-1.25282,0.835211
1.9,-7.66057,-1.28277,0.855183
2,-7.57989,-1.3015,0.867669
2.1,-7.32599,-1.30906,0.872707
2.2,-6.91186,-1.30572,0.870482
2.3,-6.35311,-1.29197,0.861315
2.4,-5.66751,-1.26847,0.845649
2.5,-4.87456,-1.23606,0.824038
2.6,-3.99498,-1.19569,0.797129
2.7,-3.0503,-1.14847,0.765646
2.8,-2.06236,-1.09556,0.730371
2.9,-1.05289,-1.03819,0.692125
3,-0.0430344,-0.97763,0.651753
3.1,0.946986,-0.915155,0.610103
3.2,1.89827,-0.852018,0.568012
3.3,2.79354,-0.789429,0.526286
3.4,3.61741,-0.728533,0.485689
3.5,4.35661,-0.670391,0.446928
3.6,5.00016,-0.615962,0.410641
3.7,5.53946,-0.566085,0.37739
3.8,5.96839,-0.521475,0.34765
3.9,6.2833,-0.482709,0.321806
4,6.48295,-0.45022,0.300147
4.1,6.56847,-0.424301,0.282867
4.2,6.5432,-0.405098,0.270065
4.3,6.41253,-0.39262,0.261746
4.4,6.1837,-0.38674,0.257826
4.5,5.86558,-0.387207,0.258138
4.6,5.4684,-0.393656,0.262437
4.7,5.00352,-0.40562,0.270413
4.8,4.48312,-0.422543,0.281695
4.9,3.91994,-0.443796,0.295864
5,3.32698,-0.468693,0.312462
5.1,2.71726,-0.496507,0.331005
5.2,2.10354,-0.526487,0.350992
5.3,1.49809,-0.557872,0.371915
5.4,0.912453,-0.589909,0.393273
5.5,0.357256,-0.621864,0.414576
5.6,-0.157951,-0.653041,0.435361
5.7,-0.62485,-0.68279,0.455193
5.8,-1.03645,-0.710518,0.473679
5.9,-1.38719,-0.735702,0.490468
6,-1.67296,-0.757891,0.505261
6.1,-1.89111,-0.776716,0.517811
6.2,-2.04049,-0.791891,0.527927
6.3,-2.12133,-0.803214,0.535476
6.4,-2.13523,-0.810573,0.540382
6.5,-2.08506,-0.813937,0.542625
6.6,-1.9748,-0.813357,0.542238
6.7,-1.80947,-0.808961,0.539307
6.8,-1.59495,-0.800946,0.533964
6.9,-1.33784,-0.789574,0.526382
7,-1.04526,-0.77516,0.516774
7.1,-0.724736,-0.758069,0.505379
7.2,-0.384008,-0.738699,0.492466
7.3,-0.0308606,-0.717479,0.478319
7.4,0.327026,-0.694853,0.463235
7.5,0.682225,-0.671274,0.447516
7.6,1.0277,-0.647195,0.431464
7.7,1.35692,-0.623058,0.415372
7.8,1.66398,-0.599286,0.399524
7.9,1.94368,-0.576276,0.384184
8,2.1916,-0.554393,0.369595
8.1,2.40416,-0.533962,0.355975
8.2,2.57862,-0.515266,0.343511
8.3,2.71315,-0.498542,0.332361
8.4,2.80678,-0.483974,0.322649
8.5,2.8594,-0.471698,0.314465
8.6,2.87173,-0.461798,0.307865
8.7,2.84525,-0.454306,0.302871
8.8,2.78213,-0.449208,0.299472
8.9,2.6852,-0.446439,0.297626
9,2.55782,-0.445895,0.297264
9.1,2.4038,-0.447431,0.298287
9.2,2.22732,-0.450866,0.300578
9.3,2.0328,-0.455993,0.303995
9.4,1.82483,-0.462578,0.308386
9.5,1.60807,-0.470371,0.313581
9.6,1.38712,-0.479108,0.319406
9.7,1.16648,-0.48852,0.32568
9.8,0.950425,-0.498336,0.332224
9.9,0.742954,-0.508288,0.338859
10,0.547714,-0.518122,0.345414
